"File","Line","Tag","Id","Class","IdRaw","ClassRaw","Snippet"
"app\components\AlertNotification\index.tsx","35","Button","","cancel_action_button","","'cancel_action_button'","{props.dismissButton && <Button className='cancel_action_button' onClick={() => {"
"app\components\AlertNotification\index.tsx","41","Button","","action_button","","'action_button'","{props.actionButton && <Button className='action_button' onClick={() => {"
"app\components\atoms\Button\PrimaryButton\index.tsx","37","Button","","{expr:style}","","{style}","return <Button className={style} type=""default"" {...rest}>{children}</Button>;"
"app\components\atoms\Button\SecondaryButton\index.tsx","37","Button","","{expr:style}","","{style}","return <Button className={style} type=""default"" {...rest}>{children}</Button>;"
"app\components\Button\DefaultButton\index.tsx","35","Button","","{expr:style}","","{style}","return <Button type=""default"" className={style} {...rest}  style={{ paddingLeft: 40, paddingRight: 40, borderRadius: 4}}>{children}</Button>;"
"app\components\Button\HoverButton\index.tsx","14","button","","expand-btn","","""expand-btn""","<button className=""expand-btn"" onClick={onClick}>"
"app\components\Button\IconButton\index.tsx","26","Button","","{expr:style}","","{style}","<Button className={style} {...rest}>"
"app\components\Button\LinkButtonLoader.tsx","33","Button","","","","","return <Button {...rest} type={'link'}>{children}</Button>;"
"app\components\Button\NewPrimary\index.tsx","14","button","","new-primary-btn","","""new-primary-btn""","<button className=""new-primary-btn"" onClick={onClick}>"
"app\components\Button\NewSecondaryButton\index.tsx","14","button","","{expr:`new-secondary-btn ${className}","","{`new-secondary-btn","<button className={`new-secondary-btn ${className} ${icon && 'isFlex'}`} onClick={onClick}>"
"app\components\Button\PrimaryButton\index.tsx","36","Button","","{expr:style}","","{style}","return <Button {...rest} type={type} block className={style}>{children}</Button>;"
"app\components\molecules\AvatarAndUpload\ProfilePicCroppingModal\index.tsx","79","","","","","","htmlType=""button"""
"app\components\molecules\AvatarAndUpload\ProfilePicCroppingModal\index.tsx","87","","","","","","htmlType=""button"""
"app\components\molecules\DropdownWithTitle\index.tsx","47","Button","","dropdown-btn","","""dropdown-btn""","<Button className=""dropdown-btn"">"
"app\components\molecules\InputWithMention\index.tsx","109","button","","send-icon","","""send-icon""","<button type=""submit"" className=""send-icon"">"
"app\components\molecules\JobsConnectAccessCard\JobsConnectAccessCard.tsx","30","button","","","","","<button"
"app\components\molecules\ProfileIncompleteSectionCard\ProfileIncompleteSectionCard.tsx","35","","","","","","htmlType=""button"""
"app\components\molecules\ProfileIncompleteSectionCardTemplete\ProfileIncompleteSectionCardTemplete.tsx","137","","","","","","htmlType=""button"""
"app\components\molecules\ProfileTabs\index.tsx","10","Button","","","","","<Button"
"app\components\molecules\RecruiterConsentCard\RecruiterConsentCard.tsx","70","","","","","","htmlType=""button"""
"app\components\old\Button\DefaultButton.tsx","30","Button","","","","","<Button"
"app\components\Pagination\index.tsx","45","button","","","","","<button"
"app\components\Pagination\index.tsx","65","button","","","","","<button"
"app\components\Pagination\index.tsx","83","button","","","","","<button"
"app\components\Pagination\index.tsx","96","button","","","","","<button"
"app\components\TabsSwitcher.tsx\index.tsx","18","button","","","","","<button"
"app\components\TPButton\TPButton.tsx","46","","","","","","htmlType = ""button"","
"app\components\TPButton\TPButton.tsx","58","Button","","","","","<Button"
"app\components\ui\AppButton.tsx","67","","","","","","htmlType = 'button',"
"app\components\ui\AppButton.tsx","111","button","","","","","<button"
"app\components\ui\AppCalendar.tsx","233","button","","","","","<button"
"app\components\ui\AppCalendar.tsx","234","","","","","","type=""button"""
"app\components\ui\AppCalendar.tsx","238","button","","","","","<button"
"app\components\ui\AppCalendar.tsx","239","","","","","","type=""button"""
"app\components\ui\AppCollapse.tsx","184","","","","","","role=""button"""
"app\components\ui\AppDatePicker.tsx","482","","","","","","role=""button"""
"app\components\ui\AppDatePicker.tsx","506","button","","","","","<button"
"app\components\ui\AppDatePicker.tsx","507","","","","","","type=""button"""
"app\components\ui\AppDatePicker.tsx","514","button","","","","","<button"
"app\components\ui\AppDatePicker.tsx","515","","","","","","type=""button"""
"app\components\ui\AppDatePicker.tsx","530","button","","","","","<button"
"app\components\ui\AppDatePicker.tsx","531","","","","","","type=""button"""
"app\components\ui\AppDatePicker.tsx","538","button","","","","","<button"
"app\components\ui\AppDatePicker.tsx","539","","","","","","type=""button"""
"app\components\ui\AppDatePicker.tsx","671","button","","","","","<button"
"app\components\ui\AppDatePicker.tsx","672","","","","","","type=""button"""
"app\components\ui\AppDrawer.tsx","295","button","","","","","<button"
"app\components\ui\AppDrawer.tsx","296","","","","","","type=""button"""
"app\components\ui\AppDropdown.tsx","14","Button","","","","","*   <Button>Dropdown</Button>"
"app\components\ui\AppEmpty.tsx","88","Button","","","","","*   <Button type=""primary"">Create New</Button>"
"app\components\ui\AppInput.tsx","297","button","","","","","<button"
"app\components\ui\AppInput.tsx","298","","","","","","type=""button"""
"app\components\ui\AppMentions.tsx","380","button","","","","","<button"
"app\components\ui\AppMentions.tsx","381","","","","","","type=""button"""
"app\components\ui\AppModal.tsx","177","button","","","","","<button"
"app\components\ui\AppModal.tsx","178","","","","","","type=""button"""
"app\components\ui\AppModal.tsx","185","button","","","","","<button"
"app\components\ui\AppModal.tsx","186","","","","","","type=""button"""
"app\components\ui\AppModal.tsx","257","button","","","","","<button"
"app\components\ui\AppModal.tsx","258","","","","","","type=""button"""
"app\components\ui\AppModal.tsx","472","button","","","","","<button"
"app\components\ui\AppModal.tsx","502","button","","","","","<button"
"app\components\ui\AppModal.tsx","510","button","","","","","<button"
"app\components\ui\AppNotification.tsx","165","button","","","","","<button"
"app\components\ui\AppPagination.tsx","292","button","","","","","<button"
"app\components\ui\AppPagination.tsx","293","","","","","","type=""button"""
"app\components\ui\AppPagination.tsx","325","button","","","","","<button"
"app\components\ui\AppPagination.tsx","326","","","","","","type=""button"""
"app\components\ui\AppPagination.tsx","369","button","","","","","<button"
"app\components\ui\AppPagination.tsx","371","","","","","","type=""button"""
"app\components\ui\AppPagination.tsx","388","button","","","","","<button"
"app\components\ui\AppPagination.tsx","389","","","","","","type=""button"""
"app\components\ui\AppPagination.tsx","415","button","","","","","<button"
"app\components\ui\AppPagination.tsx","416","","","","","","type=""button"""
"app\components\ui\AppPagination.tsx","442","button","","","","","<button"
"app\components\ui\AppPagination.tsx","443","","","","","","type=""button"""
"app\components\ui\AppPopover.tsx","10","button","","","","","*   <button>Hover me</button>"
"app\components\ui\AppSpace.tsx","40","Space","","","","","* <Space size=""middle""><Button>One</Button><Button>Two</Button></Space>"
"app\components\ui\AppSwitch.tsx","98","button","","","","","<button"
"app\components\ui\AppSwitch.tsx","100","","","","","","type=""button"""
"app\components\ui\AppTable.tsx","380","button","","","","","<button"
"app\components\ui\AppTable.tsx","393","button","","","","","<button"
"app\components\ui\AppTable.tsx","431","button","","","","","<button"
"app\components\ui\AppTable.tsx","463","button","","","","","<button"
"app\components\ui\AppTable.tsx","488","button","","","","","<button"
"app\components\ui\AppTable.tsx","907","button","","","","","<button"
"app\components\ui\AppTag.tsx","151","button","","","","","<button"
"app\components\ui\AppTag.tsx","152","","","","","","type=""button"""
"app\components\ui\AppUpload.tsx","10","Button","","","","","*   <Button icon={<UploadIcon />}>Click to Upload</Button>"
"app\components\ui\AppUpload.tsx","260","button","","","","","<button"
"app\components\ui\AppUpload.tsx","261","","","","","","type=""button"""
"app\components\ui\AppUpload.tsx","303","button","","","","","<button"
"app\components\ui\AppUpload.tsx","304","","","","","","type=""button"""
"app\components\ui\AppUpload.tsx","336","button","","","","","<button"
"app\components\ui\AppUpload.tsx","337","","","","","","type=""button"""
"app\components\ui\calendar.tsx","167","button","","","","","<button"
"app\components\ui\calendar.tsx","168","","","","","","type=""button"""
"app\components\ui\CourseDrawer.tsx","218","button","","","","","<button"
"app\components\ui\CourseDrawer.tsx","219","","","","","","type=""button"""
"app\components\ui\Tooltip\index.tsx","47","Tooltip","","","","","* Usage: <Tooltip title=""Help text""> <button>Hover me</button> </Tooltip>"
"app\components\ViewCard\ViewCard.tsx","51","","","","","","role=""button"""
"app\components\ViewCard\ViewCard.tsx","56","Button","","","","","<Button variant=""text"" title=""Edit"" onClick={onEdit} />"
"app\components\WFThinkDesign\Button\index.tsx","63","Button","","{expr:`primary_button ${style}","","{`primary_button","<Button className={`primary_button ${style}`} type=""default"" {...rest}>"
"app\components\WFThinkDesign\Button\index.tsx","70","Button","","","","","<Button"
"app\components\WFThinkDesign\Button\index.tsx","81","Button","","{expr:`icon_button ${style}","","{`icon_button","<Button className={`icon_button ${style}`} type=""default"" {...rest}>"
"app\e2e\components\ConfirmDetailsPopup\ConfirmDetailsPopup.tsx","86","button","","","","","<button"
"app\e2e\components\Jobs\ApplyJob\components\CandidateInfoProfile\CandidateInfoProfile.tsx","153","button","","","","","<button"
"app\e2e\components\Jobs\ApplyJob\components\PreviewScreeningQuestions\index.tsx","42","button","","","","","<button"
"app\e2e\components\Jobs\ApplyJob\components\ScreeningQuestion\Forms.tsx","66","button","","","","","<button type={""submit""} ref={refSubmit} hidden />"
"app\e2e\components\Jobs\Common\JobButton\JobButton.tsx","31","button","","{expr:buttonClasses}","","{buttonClasses}","<button className={buttonClasses} style={style} onClick={onClick}>"
"app\e2e\components\Jobs\Common\JobStatus\index.tsx","19","button","","","","","<button"
"app\e2e\components\Jobs\Common\SaveJob\index.tsx","66","button","","","","","<button style={{ all: ""unset"", cursor: ""pointer"", display: ""inline-flex"", alignItems: ""center"", justifyContent: ""center"", padding: ""8px"" }}>"
"app\e2e\components\Jobs\Common\SaveJob\index.tsx","73","button","","","","","<button style={{ all: ""unset"", cursor: ""pointer"", display: ""inline-flex"", alignItems: ""center"", justifyContent: ""center"", padding: ""8px"" }}>"
"app\e2e\components\Jobs\Common\Share\index.tsx","34","button","","","","","<button style={{ all: ""unset"", cursor: ""pointer"", display: ""inline-flex"", alignItems: ""center"", justifyContent: ""center"", padding: ""8px"", marginTop: ""5.6px"", opacity: 0.65 }}>"
"app\e2e\components\Jobs\Filters\Common\Modal2\index.tsx","93","button","","reset-btn","","""reset-btn""","<button className=""reset-btn"" disabled={selected?.length === 0} onClick={resetAll}>"
"app\e2e\components\Jobs\Filters\Common\Modal2\index.tsx","112","button","","clear-btn","","""clear-btn""","<button className=""clear-btn"" onClick={() => setSearch("""")}>Ã—</button>"
"app\e2e\components\Jobs\Filters\Common\Modal2\index.tsx","139","button","","sector-cancel-btn","","""sector-cancel-btn""","<button className=""sector-cancel-btn"" onClick={handleCancel}>"
"app\e2e\components\Jobs\Filters\Common\Modal2\index.tsx","146","button","","sector-apply-btn","","""sector-apply-btn""","<button className=""sector-apply-btn"" onClick={handleSave}>"
"app\e2e\components\Jobs\Filters\Common\TagContainer\index.tsx","26","button","","tag-close-btn","","""tag-close-btn""","<button className=""tag-close-btn"" onClick={onRemove}>"
"app\e2e\components\Jobs\Filters\DesktopFilters\FilterTags.tsx","24","button","","","","","<button"
"app\e2e\components\Jobs\Filters\MobileGeneralFilters\ActionField\FooterField.tsx","29","Button","","","","","<Button"
"app\e2e\components\Jobs\Filters\MobileGeneralFilters\ActionField\FooterField.tsx","46","Button","","","","","<Button"
"app\e2e\components\Jobs\Filters\MobileGeneralFilters\ActionField\FooterField.tsx","58","Button","","","","","<Button"
"app\e2e\components\Jobs\Filters\MobileGeneralFilters\AllFilter\Education\components\Specialisation.tsx","57","button","","clear-btn","","""clear-btn""","<button className=""clear-btn"" onClick={() => setSearch("""")}>Ã—</button>"
"app\e2e\components\Jobs\Filters\MobileGeneralFilters\AllFilter\Tabs\AllFiltersFieldTabs.tsx","69","button","","","","","<button"
"app\e2e\components\Jobs\Filters\MobileGeneralFilters\AllFilter\Tabs\AllFiltersFieldTabs.tsx","71","","","","","","type=""button"""
"app\e2e\components\Jobs\Filters\MobileSearchOverlay\index.tsx","37","button","","","","","<button"
"app\e2e\components\Jobs\JobListing\JobCard\MissingLanguagesModal\components\MissingLanguageRow\index.tsx","53","button","","","","","<button"
"app\e2e\components\Jobs\JobListing\JobCard\MissingLanguagesModal\components\MissingLanguageRow\index.tsx","64","button","","","","","<button"
"app\e2e\components\Jobs\JobListing\JobCard\MissingLanguagesModal\components\MissingLanguageRow\index.tsx","75","button","","","","","<button"
"app\e2e\components\Jobs\JobListing\JobCard\MissingLanguagesModal\index.tsx","143","button","","","","","<button"
"app\e2e\components\Jobs\JobsDashboard.tsx","187","button","","","","","<button"
"app\e2e\components\Jobs\ViewJob\View\Card.tsx","146","button","","","","","<button"
"app\e2e\components\Jobs\ViewJob\View\JobDescription\index.tsx","442","button","","","","","<button"
"app\e2e\components\Jobs\ViewJob\View\JobDescription\index.tsx","458","button","","","","","<button"
"app\e2e\components\Jobs\ViewJob\View\JobDescription\JobDescriptionLargeScreen\index.tsx","460","button","","","","","<button"
"app\e2e\components\Jobs\ViewJob\View\JobDescription\JobDescriptionLargeScreen\index.tsx","477","button","","","","","<button"
"app\e2e\components\Jobs\ViewJob\View\ResumeAnalyzedReport\index.tsx","16","button","","analyse-btn","","""analyse-btn""","{/* <button className=""analyse-btn"">Reanalyze</button> */}"
"app\e2e\components\Jobs\ViewJob\View\RoundStatus\index.tsx","137","Button","","","","","<Button"
"app\e2e\components\Jobs\ViewJob\View\RoundStatus\index.tsx","149","Button","","","","","<Button"
"app\e2e\components\Jobs\ViewJob\View\RoundStatus\index.tsx","181","Button","","","","","<Button"
"app\e2e\components\Jobs\ViewJob\ViewMobileJob\FloaterBtn\index.tsx","67","button","","apply-btn","","""apply-btn""","<button className=""apply-btn"" onClick={handleClick}>"
"app\e2e\components\Jobs\ViewJob\ViewMobileJob\ViewMobJobDashboard.tsx","303","button","","","","","<button"
"app\e2e\components\Jobs\ViewJob\ViewMobileJob\ViewMobJobDashboard.tsx","322","button","","","","","<button"
"app\e2e\components\Jobs\ViewJob\ViewMobileJob\ViewMobJobDashboard.tsx","448","button","","","","","<button"
"app\e2e\components\Jobs\ViewJob\ViewMobileJob\ViewMobJobDashboard.tsx","466","button","","","","","<button"
"app\e2e\components\Jobs\ViewJob\ViewMobileJob\ViewMobJobDashboard.tsx","490","button","","","","","<button"
"app\e2e\components\Profile\Components\About\FormField.tsx","63","Button","","","","","<Button"
"app\e2e\components\Profile\Components\About\FormField.tsx","69","Button","","","","","<Button"
"app\e2e\components\Profile\Components\Certification\FormField.tsx","57","Button","","","","","<Button"
"app\e2e\components\Profile\Components\Certification\FormField.tsx","64","Button","","","","","<Button"
"app\e2e\components\Profile\Components\Education\FormField.tsx","67","Button","","","","","<Button"
"app\e2e\components\Profile\Components\Education\FormField.tsx","74","Button","","","","","<Button"
"app\e2e\components\Profile\Components\Experience\FormField.tsx","66","Button","","","","","<Button"
"app\e2e\components\Profile\Components\Experience\FormField.tsx","73","Button","","","","","<Button"
"app\e2e\components\Profile\Components\JobPreference\FormField.tsx","31","Button","","","","","<Button"
"app\e2e\components\Profile\Components\JobPreference\FormField.tsx","38","Button","","","","","<Button"
"app\e2e\components\Profile\Components\MobileNumber\Edit\EditField.tsx","118","Button","","","","","<Button"
"app\e2e\components\Profile\Components\MobileNumber\Edit\EditField.tsx","126","Button","","","","","<Button"
"app\e2e\components\Profile\Components\MobileNumber\Edit\MediaEditField.tsx","63","Button","","","","","<Button"
"app\e2e\components\Profile\Components\MobileNumber\Edit\MediaEditField.tsx","71","Button","","","","","<Button"
"app\e2e\components\Profile\Components\MobileNumber\MobileNumberDashboard.tsx","48","button","","","","","<button"
"app\e2e\components\Profile\Components\NameCard\FormField.tsx","98","Button","","","","","<Button"
"app\e2e\components\Profile\Components\NameCard\FormField.tsx","155","Button","","","","","<Button"
"app\e2e\components\Profile\Components\NameCard\FormField.tsx","162","Button","","","","","<Button"
"app\e2e\components\Profile\Components\NameCard\Mobile\MobileNameCard.tsx","127","button","","","","","<button"
"app\e2e\components\Profile\Components\NameCard\NameCardDashboard.tsx","134","button","","","","","<button"
"app\e2e\components\Profile\Components\PersonalDetails\FormField.tsx","54","Button","","","","","<Button"
"app\e2e\components\Profile\Components\PersonalDetails\FormField.tsx","61","Button","","","","","<Button"
"app\e2e\components\Profile\Components\Project\FormField.tsx","53","Button","","","","","<Button"
"app\e2e\components\Profile\Components\Project\FormField.tsx","60","Button","","","","","<Button"
"app\e2e\components\Profile\Components\PublicProfile\index.tsx","149","button","","p-2 rounded-full hover:bg-gray-100 transition-colors","","""p-2","<button className=""p-2 rounded-full hover:bg-gray-100 transition-colors"">"
"app\e2e\components\Profile\Components\RecruiterView\index.tsx","15","button","","","","","<button"
"app\e2e\components\Profile\Components\Skills\FormField.tsx","61","Button","","","","","<Button"
"app\e2e\components\Profile\Components\Skills\FormField.tsx","68","Button","","","","","<Button"
"app\e2e\components\Profile\Components\TrainingInstitution\FormField.tsx","60","Button","","","","","<Button"
"app\e2e\components\Profile\Components\TrainingInstitution\FormField.tsx","67","Button","","","","","<Button"
"app\e2e\components\Profile\Components\VerifyBtn\index.tsx","28","button","","","","","<button"
"app\e2e\components\VendorSignUp\index.tsx","692","button","","","","","<button"
"app\e2e\design-system\Button\Button.tsx","62","button","","","","","<button"
"app\e2e\design-system\Collapse\Cardcollapse\index.tsx","80","button","","","","","<button"
"app\e2e\design-system\Collapse\Cardcollapse\index.tsx","104","button","","btn-add","","""btn-add""","<button onClick={(e) => handleClick(e)} className=""btn-add"">"
"app\e2e\design-system\Collapse\Cardcollapse\index.tsx","125","button","","btn-add","","""btn-add""","<button onClick={(e) => handleClick(e)} className=""btn-add"">"
"app\e2e\design-system\DatePicker\Index.tsx","134","button","","","","","<button"
"app\e2e\design-system\DatePicker\Index.tsx","135","","","","","","type=""button"""
"app\e2e\design-system\Drawer\BottomDrawer\index.tsx","71","Button","","","","","<Button"
"app\e2e\design-system\HelperModal\index.tsx","100","Button","","","","","<Button"
"app\e2e\design-system\Input\Types\NavbarSearch.tsx","31","button","","","","","<button"
"app\e2e\design-system\Input\Types\NavbarSearch.tsx","32","","","","","","type=""button"""
"app\e2e\design-system\Modal\Modal.tsx","85","Button","","","","","<Button"
"app\e2e\design-system\Modal\Modal.tsx","93","Button","","","","","<Button"
"app\e2e\design-system\ShareInfoModal\ShareInfoModal.tsx","68","Button","","","","","<Button"
"app\e2e\design-system\ShareInfoModal\ShareInfoModal.tsx","77","Button","","","","","<Button"
"app\e2e\design-system\Tabs\index.tsx","35","button","","","","","<button"
"app\e2e\ui-components\AccessDenied\AccessDenied.tsx","22","button","","","","","<button"
"app\e2e\ui-components\Buttons\Primary\Primary.tsx","8","button","","","","","return <button {...props}>{children} </button>;"
"app\e2e\ui-components\Buttons\Secondary\Secondary.tsx","8","button","","","","","return <button {...props}>{children} </button>;"
"app\e2e\ui-components\SnackBar\ErrorSnackBar.tsx","42","button","","","","","<button"
"app\e2e\ui-components\SnackBar\SuccessSnackBar.tsx","41","button","","","","","<button"
"app\layout\components\IncompleteProfileModal\index.tsx","77","Button","","go-to-profile","","""go-to-profile""","<Button className=""go-to-profile"" onClick={openUserProfile}>"
"app\layout\components\ShareInformationModal\index.tsx","109","Button","","go-to-profile cancel","","""go-to-profile","<Button className=""go-to-profile cancel"" onClick={()=>setShowModal(false)}>"
"app\layout\components\ShareInformationModal\index.tsx","116","Button","","go-to-profile save","","""go-to-profile","<Button className=""go-to-profile save"" onClick={()=>updateUsersConsent()}>"
"app\presentation\auth\components\ResetLinkExpired\index.tsx","36","","","","","","htmlType=""button"""
"app\presentation\batch\BatchesList\BatchListByStatus.tsx","296","Button","","","","","<Button"
"app\presentation\batch\BatchesList\SetAssessmentsDates.tsx","176","Button","","","","","<Button onClick={setCompetencydate} text={t(""batchesList.setDate"")} type=""link"" />"
"app\presentation\batch\Reports\components\StudentAssessmentStatus\index.tsx","178","Button","","","","","<Button"
"app\presentation\BatchReport\StudentReport.tsx","172","Button","","","","","<Button type=""link"" onClick={this.exportToCSV}>"
"app\presentation\CareerAdvisor\components\CareerTab\index.tsx","110","PrimaryButton","","close-button","","""close-button""","<PrimaryButton htmlType='button' className=""close-button"" onClick={toggleModal}>{i18n.t(careerAdvisorMessages.close.key)}</PrimaryButton>"
"app\presentation\CareerAdvisor\components\QuestionnaireSelectionModal\index.tsx","149","","","","","","htmlType=""button"""
"app\presentation\CareerAdvisor\JobRoleDescription\Components\SkillCenters\index.tsx","135","","","","","","htmlType=""button"""
"app\presentation\CareerAdvisor\LandingPage\Components\PassionWrapper\index.tsx","394","","","","","","htmlType=""button"""
"app\presentation\CareerAdvisor\LandingPage\Components\RecommendationModal\index.tsx","53","PrimaryButton","","attempt-now","","'attempt-now'","<PrimaryButton htmlType='button' className='attempt-now' onClick={toggleModal}>{i18n.t(careerAdvisorMessages.attemptNow.key)}</PrimaryButton>"
"app\presentation\CareerAdvisor\LandingPage\Components\RecommendationModal\index.tsx","54","PrimaryButton","","do-it-later","","'do-it-later'","<PrimaryButton htmlType='button' className='do-it-later' onClick={handleDoItLater}>{i18n.t(careerAdvisorMessages.doItLater.key)}</PrimaryButton>"
"app\presentation\CareerAdvisor\MatchedRoles\components\FirstVisitTutorial\TutorialInstruction.tsx","82","","","","","","htmlType=""button"""
"app\presentation\CareerAdvisor\MatchedRoles\components\SelfReview\Components\QuestionCard\index.tsx","102","","","","","","htmlType=""button"""
"app\presentation\CareerAdvisor\MatchedRoles\components\SelfReview\Components\QuestionCard\index.tsx","133","","","","","","htmlType=""button"""
"app\presentation\CareerAdvisor\MatchedRoles\components\SelfReview\index.tsx","194","PrimaryButton","","career-button","","""career-button""","<PrimaryButton htmlType=""button"" className=""career-button"" disabled={careerPreference === undefined ? true : false} onClick={onClick}>{buttonValue}</PrimaryButton>"
"app\presentation\CareerAdvisor\MatchedRoles\components\SelfReview\index.tsx","207","PrimaryButton","","{expr:attributeStatus.REVIEW ? `review-button`:`career-button`}","","{attributeStatus.REVIEW","<PrimaryButton htmlType=""button"" className={attributeStatus.REVIEW ? `review-button`:`career-button`} disabled={careerPreference === undefined ? true : false} onClick={onClick}>{buttonValue}</PrimaryButton>"
"app\presentation\CareerAdvisor\MatchedRoles\components\SelfReview\index.tsx","378","PrimaryButton","","close-button","","""close-button""","<PrimaryButton htmlType='button' className=""close-button"" onClick={() => setInfoModal(false)}>{i18n.t(careerAdvisorMessages.gotIt.key)}</PrimaryButton>"
"app\presentation\CareerAdvisor\QuestionnaireByAttributeGroupKey\Components\AttributesProgress\index.tsx","84","PrimaryButton","","close-button","","""close-button""","<PrimaryButton htmlType='button' className=""close-button"" onClick={() => setAttributeData(null)}>{i18n.t(careerAdvisorMessages.gotIt.key)}</PrimaryButton>"
"app\presentation\CareerAdvisor\QuestionnaireByAttributeGroupKey\index.tsx","237","","","","","","htmlType=""button"""
"app\presentation\CareerAdvisor\QuestionnaireByAttributeGroupKey\index.tsx","246","","","","","","htmlType=""button"""
"app\presentation\CareerAdvisor\QuestionnaireByAttributeKey\AptitudeProgressModal.tsx","82","","","","","","htmlType=""button"""
"app\presentation\CareerAdvisor\QuestionnairesRatings\index.tsx","134","","","","","","htmlType=""button"""
"app\presentation\CareerAdvisor\QuestionnairesRatings\index.tsx","194","","","","","","htmlType=""button"""
"app\presentation\CareerAdvisor\QuestionnaireSummary\Components\CompleteOtherQuestionnaires\index.tsx","70","SecondaryButton","","career-button","","""career-button""","<SecondaryButton htmlType=""button"" className=""career-button"" onClick={() => navigateToQuestionnaire(attributeGroup)}>{attributeCompletionStatus(attributeGroup?.getAttributes())?.value}</SecondaryButton>"
"app\presentation\CareerAdvisor\QuestionnaireSummary\Components\CompleteOtherQuestionnaires\index.tsx","92","SecondaryButton","","career-button questionnaire-content-container-passion","","""career-button","<SecondaryButton htmlType=""button"" className=""career-button questionnaire-content-container-passion"" onClick={() => navigateToPassion()}>{passionsData !== null ? i18n.t('careerAdvisor.labelsAndTitles.REVIEW') : i18n.t('careerAdvisor.labelsAndTitles.CHOOSE')}</SecondaryButton>"
"app\presentation\CareerAdvisor\QuestionnaireSummary\index.tsx","117","","","","","","htmlType=""button"""
"app\presentation\CareerAdvisor\QuestionnaireSummary\index.tsx","144","","","","","","htmlType=""button"""
"app\presentation\CareerAdvisor\ShareReport\index.tsx","236","PrimaryButton","","share-button","","'share-button'","<PrimaryButton htmlType='button' className='share-button' onClick={() => { handleShare() }}>{i18n.t(careerAdvisorMessages.share.key)}</PrimaryButton>"
"app\presentation\CareerAdvisor\WelcomeModal\index.tsx","192","","","","","","htmlType=""button"""
"app\presentation\CareerBuddyListingPage\CareerBuddyCard\index.tsx","42","PrimaryButton","","","","","<PrimaryButton htmlType=""button"""
"app\presentation\CareerBuddyListingPage\CareerBuddyCard\index.tsx","59","PrimaryButton","","","","","<PrimaryButton htmlType=""button"""
"app\presentation\CareerBuddyListingPage\index.tsx","166","","","","","","htmlType=""button"""
"app\presentation\CareerBuddyListingPage\index.tsx","204","","","","","","htmlType=""button"""
"app\presentation\CCEInterviewCoach\index.tsx","147","","","","","","htmlType=""button"""
"app\presentation\CCEInterviewCoach\index.tsx","179","","","","","","htmlType=""button"""
"app\presentation\ChangePassword\index.jsx","100","Button","","","","","<Button"
"app\presentation\Chat\ChatHome.tsx","135","PrimaryButton","","","","","<PrimaryButton onClick={toggleChatModal} htmlType=""button"">"
"app\presentation\CohortDetail\components\IntroSection\index.tsx","236","span","","read-more-text-section","","'read-more-text-section'","<span className='read-more-text-section' role=""button"""
"app\presentation\CohortDetail\ManageStudentPage\Components\CertificateActions\index.tsx","74","","","","","","htmlType=""button"""
"app\presentation\CohortDetail\ManageStudentPage\Components\CertificateActions\index.tsx","81","button","","custom-modal-close","","""custom-modal-close""","<button className=""custom-modal-close"" onClick={onClose}>"
"app\presentation\CohortDetail\ManageStudentPage\Components\CertificateActions\index.tsx","96","","","","","","htmlType=""button"""
"app\presentation\CourseDetails\ActivityPage\ActivityPlayer\index.tsx","853","","","","","","htmlType=""button"""
"app\presentation\CourseDetails\ActivityPage\ActivityPlayer\index.tsx","894","WFDefaultButton","","fullscreen-button-new","","""fullscreen-button-new""","<WFDefaultButton className=""fullscreen-button-new"" htmlType=""button"" onClick={onFullScreenClick}>"
"app\presentation\CourseDetails\ActivityPage\ActivityPlayer\index.tsx","902","WFDefaultButton","","fullscreen-button -new","","""fullscreen-button","<WFDefaultButton className=""fullscreen-button -new"" htmlType=""button"" onClick={onCloseFullScreen}>"
"app\presentation\CourseDetails\ActivityPage\ActivityPlayer\index.tsx","910","WFDefaultButton","","arrow-btns","","""arrow-btns""","<WFDefaultButton className=""arrow-btns"" disabled={currentActivityIndex < 1} htmlType=""button"" onClick={onPrevClick}>"
"app\presentation\CourseDetails\ActivityPage\ActivityPlayer\index.tsx","916","WFDefaultButton","","arrow-btns","","""arrow-btns""","<WFDefaultButton className=""arrow-btns"" htmlType=""button"" onClick={onNextClick}>"
"app\presentation\CourseDetails\ActivityPage\AICoachInput\index.tsx","302","WFDefaultButton","","ai-toolkit-btn","","""ai-toolkit-btn""","<WFDefaultButton className=""ai-toolkit-btn"" htmlType=""button"" onClick={openShortcut}>{i18n.t('toolkit')}</WFDefaultButton>"
"app\presentation\CourseDetails\CollaborateActivities\Components\CollaborateActivityDetails\index.tsx","342","","","","","","htmlType=""button"""
"app\presentation\CourseDetails\CollaborateActivities\Components\CollaborateActivityHomePage\index.tsx","81","","","","","","htmlType=""button"""
"app\presentation\CourseDetails\Components\AICoach\AICoach.tsx","635","WFDefaultButton","","ai-toolkit-btn","","""ai-toolkit-btn""","<WFDefaultButton className=""ai-toolkit-btn"" htmlType=""button"" onClick={onToolkitClick}>{i18n.t('toolkit')}</WFDefaultButton>"
"app\presentation\CourseDetails\Components\ClassessWrapperModules\Components\AssessmentOpeningDatePage\index.tsx","39","","","","","","htmlType=""button"""
"app\presentation\CourseDetails\Components\ClassessWrapperModules\Components\PitchTrainerPostVideoEmptyState\index.tsx","65","","","","","","htmlType=""button"""
"app\presentation\CourseDetails\Components\ClassesWrapper\ActivityWrapper\index.tsx","615","WFDefaultButton","","arrow-btns","","""arrow-btns""","<WFDefaultButton className=""arrow-btns"" disabled={current < 1} htmlType=""button"" onClick={onPrevClick}>"
"app\presentation\CourseDetails\Components\ClassesWrapper\ActivityWrapper\index.tsx","627","WFDefaultButton","","arrow-btns","","""arrow-btns""","<WFDefaultButton className=""arrow-btns"" disabled={current === lessonActivity?.length - 1} htmlType=""button"" onClick={onNextClick}>"
"app\presentation\CourseDetails\Components\ClassesWrapper\ActivityWrapper\index.tsx","642","WFDefaultButton","","fullscreen-button","","""fullscreen-button""","<WFDefaultButton className=""fullscreen-button"" disabled={!isEnrolledCourse} htmlType=""button"" onClick={onFullScreenClick}>"
"app\presentation\CourseDetails\Components\ClassesWrapper\ActivityWrapper\index.tsx","656","WFDefaultButton","","fullscreen-button","","""fullscreen-button""","<WFDefaultButton className=""fullscreen-button"" disabled={!isEnrolledCourse} htmlType=""button"" onClick={onCloseFullScreen}>"
"app\presentation\CourseDetails\Components\ClassesWrapper\index.tsx","375","WFDefaultButton","","toolkit-btn","","""toolkit-btn""","<WFDefaultButton className=""toolkit-btn"" htmlType=""button"" onClick={openShortcut}>{i18n.t('toolkit')}</WFDefaultButton>"
"app\presentation\CourseDetails\Components\CourseProgramCard\index.tsx","80","SecondaryButton","","go_to_program_button","","{""go_to_program_button""}","<SecondaryButton htmlType=""button"" className={""go_to_program_button""} onClick={onClick}>"
"app\presentation\CourseDetails\Components\ExpectedCompletionModal\index.tsx","103","button","","","","","<button"
"app\presentation\CourseDetails\Components\ExpectedCompletionModal\index.tsx","106","","","","","","type=""button"""
"app\presentation\CourseDetails\Components\ExpectedCompletionModal\index.tsx","113","button","","","","","<button"
"app\presentation\CourseDetails\Components\ExpectedCompletionModal\index.tsx","117","","","","","","type=""button"""
"app\presentation\CourseDetails\Components\HeaderNew\index.tsx","237","Button","","","","","{shouldShowStartCourseButton && <Button onClick={() => {"
"app\presentation\CreateBatch\AssessmentOpeningDates\index.tsx","199","Button","","","","","<Button"
"app\presentation\CreateBatch\CollaborateActivity\Components\CareerPlans\index.tsx","202","","","","","","htmlType=""button"""
"app\presentation\CreateBatch\CollaborateActivity\Components\CareerPlans\index.tsx","276","","","","","","htmlType=""button"""
"app\presentation\CreateBatch\CollaborateActivity\Components\CareerPlans\index.tsx","288","","","","","","htmlType=""button"""
"app\presentation\CreateBatch\CollaborateActivity\EditCollaborateActivity\index.tsx","94","","","","","","htmlType=""button"""
"app\presentation\CreateBatch\index.tsx","956","Button","","","","","<Button"
"app\presentation\CreateBatch\VerifyDatesModal\index.tsx","136","Button","","","","","<Button"
"app\presentation\CreateBatch\VerifyDatesModal\index.tsx","142","Button","","","","","<Button"
"app\presentation\FacultyDashboard\index.tsx","106","Button","","","","","<Button"
"app\presentation\GuestDashboard\index.tsx","209","Button","","","","","<Button"
"app\presentation\GuestDashboard\index.tsx","236","Button","","","","","<Button"
"app\presentation\GuestDashboard\index1.jsx","193","Button","","","","","<Button"
"app\presentation\GuestDashboard\index1.jsx","228","Button","","","","","<Button"
"app\presentation\Home\FacultyDashboard\index.tsx","145","Button","","","","","<Button"
"app\presentation\Home\MentorDashboard\MenteeCard\index.tsx","29","PrimaryButton","","","","","<PrimaryButton htmlType=""button"""
"app\presentation\Home\MentorDashboard\WelcomeSection\index.tsx","110","Button","","","","","<Button onClick={naviateToSlotBooking}><CalendarFilled style={{ color: ""#cc4343"" , marginRight:""0.5rem""}} />{translate(t, SlotBookingTranslations.weeklySchedule)}</Button>"
"app\presentation\Home\SlotBooking\index.tsx","428","Button","","copy_action_button","","'copy_action_button'","<Button className='copy_action_button' onClick={applyCopySlots}>{translate(t, SlotBookingTranslations.apply)}</Button>"
"app\presentation\Home\SlotBooking\index.tsx","429","Button","","cancel_action_button","","'cancel_action_button'","<Button type='link' className='cancel_action_button' onClick={resetCopySlots}>{translate(t, SlotBookingTranslations.cancel)}</Button>"
"app\presentation\Home\SlotBooking\index.tsx","542","Button","","copy_action_button","","""copy_action_button""","<Button className=""copy_action_button"" disabled={!enableSaveButton} onClick={saveSlot}>{translate(t, SlotBookingTranslations.save)}</Button>"
"app\presentation\Home\SlotBooking\index.tsx","543","Button","","cancel_action_button","","'cancel_action_button'","<Button type='link' onClick={() => setReset(true)} className='cancel_action_button'>{translate(t, SlotBookingTranslations.cancel)}</Button>"
"app\presentation\Home\SlotBooking\OverrideModal\index.tsx","75","","","","","","role=""button"""
"app\presentation\Home\SlotBooking\OverrideModal\index.tsx","162","Button","","override_button","","""override_button""","<Button type='default' className=""override_button"" onClick={toggleOverrideModal}>{translate(t, SlotBookingTranslations.addAnOverride)}</Button>"
"app\presentation\Home\SlotBooking\OverrideModal\index.tsx","194","Button","","btn-primary","","""btn-primary""","<Button onClick={onSave} disabled={!Object.keys(displaySelectedDates)?.length} className=""btn-primary"">{translate(t, SlotBookingTranslations.save)}</Button>"
"app\presentation\Home\SlotBooking\OverrideModal\index.tsx","195","Button","","cancel-btn","","""cancel-btn""","<Button className=""cancel-btn"" onClick={toggleOverrideModal}>{translate(t, SlotBookingTranslations.cancel)}</Button>"
"app\presentation\Home\StudentDashboard\components\CareerBuddyHomePage\index.tsx","106","","","","","","htmlType=""button"""
"app\presentation\Home\StudentDashboard\components\CareerBuddyHomePage\index.tsx","175","","","","","","htmlType=""button"""
"app\presentation\Home\StudentDashboard\components\ProfileProgressFlow\components\AddEditCertificate.tsx","159","Button","","","","","<Button"
"app\presentation\Home\StudentDashboard\components\ProfileProgressFlow\components\AddEditCertificate.tsx","168","Button","","","","","<Button"
"app\presentation\Home\StudentDashboard\components\ProfileProgressFlow\components\AddEditCertificate.tsx","219","Button","","","","","<Button"
"app\presentation\Home\StudentDashboard\components\ProfileProgressFlow\components\AdditionalInformation\index.tsx","205","Button","","","","","<Button"
"app\presentation\Home\StudentDashboard\components\ProfileProgressFlow\components\AdditionalInformation\index.tsx","222","Button","","","","","<Button"
"app\presentation\Home\StudentDashboard\components\ProfileProgressFlow\components\AdditionalInformation\index.tsx","356","Button","","sector-cancel-btn","","""sector-cancel-btn""","<Button className=""sector-cancel-btn"" onClick={()=>setOpen(false)}>{translate(t,globalMessages.cancel)}</Button>"
"app\presentation\Home\StudentDashboard\components\ProfileProgressFlow\components\AdditionalInformation\index.tsx","357","Button","","sector-apply-btn","","""sector-apply-btn""","<Button className=""sector-apply-btn"" type=""primary"" onClick={()=>handleApply()}>{translate(t,instituteAdminMessages.apply)}</Button>"
"app\presentation\Home\StudentDashboard\components\ProfileProgressFlow\components\AdditionalInformation\index.tsx","365","Button","","sector-cancel-btn","","""sector-cancel-btn""","<Button className=""sector-cancel-btn"" onClick={() => handleCancel()}>{translate(t,globalMessages.cancel)}</Button>"
"app\presentation\Home\StudentDashboard\components\ProfileProgressFlow\components\AdditionalInformation\index.tsx","366","Button","","sector-apply-btn","","""sector-apply-btn""","<Button className=""sector-apply-btn"" disabled={!langObj?.language || langObj?.proficiencies?.length == 0} variant=""outlined"" onClick={()=>handleAddLanguage()}>{translate(t,instituteAdminMessages.apply)}</Button>"
"app\presentation\Home\StudentDashboard\components\ProfileProgressFlow\components\AdditionalInformation\LanguageRow.tsx","113","Button","","sector-cancel-btn","","""sector-cancel-btn""","<Button className=""sector-cancel-btn"" onClick={()=>setOpen(false)}>{translate(t,globalMessages.cancel)}</Button>"
"app\presentation\Home\StudentDashboard\components\ProfileProgressFlow\components\AdditionalInformation\LanguageRow.tsx","114","Button","","sector-apply-btn","","""sector-apply-btn""","<Button className=""sector-apply-btn"" type=""primary"" onClick={()=>handleApply()}>{translate(t,instituteAdminMessages.apply)}</Button>"
"app\presentation\Home\StudentDashboard\components\ProfileProgressFlow\components\AdditionalInformation\LanguageRow.tsx","122","Button","","sector-cancel-btn","","""sector-cancel-btn""","<Button className=""sector-cancel-btn"" onClick={() => handleCancel()}>{translate(t,globalMessages.cancel)}</Button>"
"app\presentation\Home\StudentDashboard\components\ProfileProgressFlow\components\AdditionalInformation\LanguageRow.tsx","123","Button","","sector-apply-btn","","""sector-apply-btn""","<Button className=""sector-apply-btn"" disabled={!langObj?.language || langObj?.proficiencies?.length == 0} variant=""outlined"" onClick={()=>handleAddLanguage()}>{translate(t,instituteAdminMessages.apply)}</Button>"
"app\presentation\Home\StudentDashboard\components\ProfileProgressFlow\components\JobPreferences\JobPrefrences.tsx","166","Button","","","","","<Button"
"app\presentation\Home\StudentDashboard\components\ProfileProgressFlow\components\JobPreferences\JobPrefrences.tsx","176","Button","","","","","<Button"
"app\presentation\Home\StudentDashboard\components\ProfileProgressFlow\components\ui\card.tsx","34","button","","","","","<button"
"app\presentation\Home\StudentDashboard\components\ProfileProgressFlow\components\ui\ViewActionCard\index.tsx","34","Button","","","","","<Button"
"app\presentation\Home\StudentDashboard\components\ProfileProgressFlow\components\ui\ViewActionCard\index.tsx","44","Button","","","","","<Button"
"app\presentation\Home\StudentDashboard\components\ProfileProgressFlow\components\WorkExperienceDetails\AddWorkExperience.tsx","316","Button","","","","","<Button"
"app\presentation\Home\StudentDashboard\components\ProfileProgressFlow\components\WorkExperienceDetails\AddWorkExperience.tsx","324","Button","","","","","<Button"
"app\presentation\Home\StudentDashboard\components\ProfileProgressFlow\components\WorkExperienceDetails\WorkExperienceDetails.tsx","126","Button","","","","","<Button"
"app\presentation\Home\StudentDashboard\components\ProfileProgressFlow\index.tsx","426","Button","","","","","<Button"
"app\presentation\Home\StudentDashboard\components\ProfileProgressFlow\index.tsx","437","Button","","","","","<Button type=""text"" onClick={handleClose}>"
"app\presentation\Home\StudentDashboard\components\ProfileProgressFlow\index.tsx","558","button","","","","","<button"
"app\presentation\Home\StudentDashboard\components\ProfileProgressFlow\index.tsx","575","Button","","","","","<Button type=""text"" onClick={handleClose}>"
"app\presentation\Home\StudentDashboard\components\ProfileProgressModal\components\JobPreferences\JobPrefrences.tsx","318","Button","","","","","{/* <Button type=""text"" onClick={() => handleRemoveLanguage(idx)}>Remove</Button> */}"
"app\presentation\Home\StudentDashboard\components\ProfileProgressModal\components\JobPreferences\JobPrefrences.tsx","322","Button","","add-language-btn","","""add-language-btn""","<Button icon={<PlusOutlined />} className=""add-language-btn"" onClick={handleAddLanguage}>"
"app\presentation\Home\StudentDashboard\components\ProfileProgressModal\components\JobPreferences\JobPrefrences.tsx","342","Button","","","","","<Button"
"app\presentation\Home\StudentDashboard\components\ProfileProgressModal\components\ShareProfile\RecruiterConsentCard.tsx","67","","","","","","htmlType=""button"""
"app\presentation\Home\StudentDashboard\components\ProfileProgressModal\components\ui\card.tsx","34","button","","","","","<button"
"app\presentation\Home\StudentDashboard\components\ProfileProgressModal\components\WorkExperienceDetails\WorkExperienceDetails.tsx","95","Button","","","","","<Button"
"app\presentation\Home\StudentDashboard\components\ProfileProgressModal\components\WorkExperienceDetails\WorkExperienceDetails.tsx","351","Button","","","","","<Button"
"app\presentation\Home\StudentDashboard\components\ProfileProgressModal\index.tsx","334","Button","","","","","<Button"
"app\presentation\Home\StudentDashboard\components\ProfileProgressModal\index.tsx","346","Button","","","","","<Button type=""text"" onClick={handleClose}>"
"app\presentation\Home\StudentDashboard\components\ProfileProgressModal\index.tsx","446","button","","","","","<button"
"app\presentation\Home\StudentDashboard\components\ProfileProgressModal\index.tsx","454","Button","","","","","<Button type=""text"" onClick={handleClose}>"
"app\presentation\Home\StudentDashboard\components\ProfileProgressNudge\index.tsx","202","Button","","","","","<Button"
"app\presentation\Indosat\Components\VideoPopup\index.tsx","97","button","","","","","<button"
"app\presentation\InteractiveAssessments\Components\Attempts\index.tsx","195","","","","","","htmlType=""button"""
"app\presentation\InteractiveAssessments\Components\InteractiveAssessmentSectionOne\index.tsx","49","SecondaryButton","","read-question-button","","{""read-question-button""}","<SecondaryButton htmlType=""button"" className={""read-question-button""} onClick={() => { setIsReadQuestion(true) }}>"
"app\presentation\InteractiveAssessments\Components\InteractiveAssessmentSectionTwo\index.tsx","177","","","","","","htmlType=""button"""
"app\presentation\Interview\components\InterviewQuestions\index.tsx","219","","","","","","htmlType=""button"""
"app\presentation\Interview\components\InterviewVideoCapture\index.tsx","322","","","","","","htmlType=""button"""
"app\presentation\Interview\components\InterviewVideoCapture\index.tsx","331","","","","","","htmlType=""button"""
"app\presentation\Interview\components\JobFields\index.tsx","395","","","","","","htmlType=""button"""
"app\presentation\Interview\components\WelcomeLandingPage\index.tsx","34","","","","","","htmlType=""button"""
"app\presentation\InterviewCoach\Components\FeedBack\Components\FeedbackSummary\index.tsx","233","PrimaryButton","","button","","'button'","<PrimaryButton htmlType='button' className='button' onClick={() => { setModalOpen(false) }}>{i18n.t(InterviewCoachMessages.exit.key)}</PrimaryButton>"
"app\presentation\InterviewCoach\Components\FeedBack\Components\FeedbackSummary\index.tsx","288","","","","","","htmlType=""button"""
"app\presentation\InterviewCoach\Components\FeedBack\index.tsx","401","","","","","","htmlType=""button"""
"app\presentation\InterviewCoach\Components\FeedBack\index.tsx","409","","","","","","htmlType=""button"""
"app\presentation\InterviewCoach\Components\InterviewCoachCommonModal\index.tsx","52","SecondaryButton","","discard-button","","{""discard-button""}","{secondaryText && <SecondaryButton htmlType=""button"" className={""discard-button""} onClick={secondaryAction}>"
"app\presentation\InterviewCoach\Components\InterviewCoachCommonModal\index.tsx","57","","","","","","htmlType=""button"""
"app\presentation\InterviewCoach\Components\InterviewCoachInformationModal\index.tsx","61","SecondaryButton","","discard-button","","{""discard-button""}","{secondaryText && <SecondaryButton htmlType=""button"" className={""discard-button""} onClick={secondaryAction}>"
"app\presentation\InterviewCoach\Components\InterviewCoachInformationModal\index.tsx","66","","","","","","htmlType=""button"""
"app\presentation\InterviewCoach\Components\InterviewCoachWelcomeModal\index.tsx","67","","","","","","htmlType=""button"""
"app\presentation\InterviewCoach\Components\InterviewCoachWelcomeModal\index.tsx","73","SecondaryButton","","remind-me-button","","{""remind-me-button""}","<SecondaryButton htmlType=""button"" className={""remind-me-button""} onClick={() => updateWelcomeModalStatus(PRODUCT_TOUR_STATUS.progress)}>"
"app\presentation\InterviewCoach\Components\PracticeRound\Components\ProductTourInterviewCoach\ProductTour.tsx","118","DefaultButton","","product-tour-skip","","""product-tour-skip""","<DefaultButton htmlType='button' onClick={handleSkip} className=""product-tour-skip"">"
"app\presentation\InterviewCoach\Components\PracticeRound\Components\ProductTourInterviewCoach\ProductTour.tsx","124","","","","","","htmlType='button'"
"app\presentation\InterviewCoach\Components\PracticeRound\Components\ProductTourInterviewCoach\ReviewTour.tsx","70","Button","","product-tour-skip","","""product-tour-skip""","<Button onClick={onComplete} className=""product-tour-skip"">"
"app\presentation\InterviewCoach\Components\PracticeRound\Components\ProductTourInterviewCoach\ReviewTour.tsx","73","Button","","","","","<Button"
"app\presentation\InterviewCoach\Components\PracticeRound\Components\ReviewYourResponseModal\index.tsx","158","","","","","","htmlType=""button"""
"app\presentation\InterviewCoach\Components\PracticeRound\index.tsx","375","SecondaryButton","","read-question-button","","{""read-question-button""}","<SecondaryButton htmlType=""button"" className={""read-question-button""} disabled={isLoading} onClick={() => { setIsReadQuestion(true); onClickViewTranscript(questionData?.questionNumber) }}>"
"app\presentation\InterviewCoach\Components\PreparationJourney\Components\PreviewQuestion\index.tsx","72","","","","","","htmlType=""button"""
"app\presentation\InterviewCoach\Components\PreparationJourney\index.tsx","584","","","","","","htmlType=""button"""
"app\presentation\InterviewCoach\Components\RecentRoles\index.tsx","156","SecondaryButton","","resume-button","","{""resume-button""}","<SecondaryButton htmlType=""button"" className={""resume-button""} onClick={() => {"
"app\presentation\InterviewCoach\index.tsx","485","Button","","dropdown-btn","","""dropdown-btn""","<Button className=""dropdown-btn"">"
"app\presentation\InterviewCoach\index.tsx","528","SecondaryButton","","discard-button","","{""discard-button""}","<SecondaryButton htmlType=""button"" className={""discard-button""} onClick={() => { setConversations([defaultConversation]) }}>"
"app\presentation\InterviewCoach\index.tsx","551","","","","","","htmlType=""button"""
"app\presentation\InterviewCoach\index.tsx","558","SecondaryButton","","discard-button","","{""discard-button""}","<SecondaryButton htmlType=""button"" className={""discard-button""} onClick={enterNewRole} disabled={eachConversation?.disabled}>"
"app\presentation\LtiThinkActivity\Components\CommonLayout\index.tsx","65","","","","","","htmlType=""button"""
"app\presentation\LtiThinkActivity\Components\FeedbackSection\index.tsx","48","","","","","","htmlType=""button"""
"app\presentation\LtiTryActivity\Components\ActionButtons\index.tsx","35","","","","","","htmlType=""button"""
"app\presentation\Meeting\CreateEvent\index.tsx","222","Button","","","","","<Button type=""primary"" htmlType=""submit"">"
"app\presentation\Mentors\Component\CalenderComponent\index.tsx","70","Button","","slot","","""slot""","<Button key={`slot-${index}`} className=""slot"" onClick={() => onSlotSelect(item)}>"
"app\presentation\Mentors\Component\CalenderComponent\index.tsx","443","Button","","","","","<Button"
"app\presentation\Mentors\Component\MentorCard\ProfileCard.tsx","42","PrimaryButton","","","","","<PrimaryButton htmlType=""button"""
"app\presentation\Mentors\Component\MentorCard\ProfileCard.tsx","57","PrimaryButton","","","","","{(mentor?.getSlotTags() || FormHelper.validCalcomUrl(calcomUrl)) && <PrimaryButton htmlType=""button"""
"app\presentation\Mentors\Component\MentorDetails\index.tsx","67","PrimaryButton","","","","","<PrimaryButton htmlType=""button"""
"app\presentation\Mentors\Component\MentorDetails\index.tsx","79","PrimaryButton","","","","","{(getProfileByUserId?.getSlotTags() || FormHelper.validCalcomUrl(calcomUrl)) && <PrimaryButton htmlType=""button"""
"app\presentation\Mentors\Component\MentorTypeCard\index.tsx","96","PrimaryButton","","","","","<PrimaryButton htmlType=""button"""
"app\presentation\PitchTrainer\Components\CourseAgnosticFlow\index.tsx","456","","","","","","htmlType=""button"""
"app\presentation\PitchTrainer\Components\FeedBack\Components\NewPreVideoFeedback\index.tsx","172","SecondaryButton","","view-pitch-button","","{""view-pitch-button""}","<SecondaryButton htmlType=""button"" className={""view-pitch-button""} onClick={updateViewRecoring}>"
"app\presentation\PitchTrainer\Components\FeedBack\Components\NewPreVideoFeedback\index.tsx","206","","","","","","htmlType=""button"""
"app\presentation\PitchTrainer\Components\FeedBack\Components\NewPreVideoFeedback\index.tsx","215","SecondaryButton","","discard-button","","{""discard-button""}","<SecondaryButton htmlType=""button"" className={""discard-button""} onClick={onNextLesson}>"
"app\presentation\PitchTrainer\Components\FeedBack\Components\NewPreVideoFeedback\index.tsx","220","","","","","","htmlType=""button"""
"app\presentation\PitchTrainer\Components\FeedBack\index.tsx","224","SecondaryButton","","view-pitch-button default-view-pitch-button","","{""view-pitch-button","<SecondaryButton htmlType=""button"" className={""view-pitch-button default-view-pitch-button""} onClick={updateViewRecoring}>"
"app\presentation\PitchTrainer\Components\FeedBack\index.tsx","229","SecondaryButton","","{expr:`view-pitch-button default-share-button ${pitchData?.getStatus() !== pitchTrainerStatus.SAVED && !isPreVideo && !isPostVideo && 'share-pitch-button'}","","{`view-pitch-button","{(pitchData?.getStatus() === pitchTrainerStatus.SAVED || isPreVideo || isPostVideo || isPreVideoQueryParams || isPostVideoQueryParams) && (<SecondaryButton htmlType=""button"" className={`view-pitch-button default-share-button ${pitchData?.getStatus() !== pitchTrainerStatus.SAVED && !isPreVideo && !isPostVideo && 'share-pitch-button'}`} onClick={shareReportAction}>"
"app\presentation\PitchTrainer\Components\FeedBack\index.tsx","332","","","","","","htmlType=""button"""
"app\presentation\PitchTrainer\Components\FeedBack\index.tsx","356","SecondaryButton","","discard-button","","{""discard-button""}","<SecondaryButton htmlType=""button"" className={""discard-button""} onClick={discardModal}>"
"app\presentation\PitchTrainer\Components\FeedBack\index.tsx","361","","","","","","htmlType=""button"""
"app\presentation\PitchTrainer\Components\FeedBack\index.tsx","373","","","","","","htmlType=""button"""
"app\presentation\PitchTrainer\Components\FeedBack\index.tsx","382","","","","","","htmlType=""button"""
"app\presentation\PitchTrainer\Components\InformationModal\index.tsx","115","SecondaryButton","","discard-button","","{""discard-button""}","{secondaryText && <SecondaryButton htmlType=""button"" loading={loading} className={""discard-button""} onClick={secondaryAction}>"
"app\presentation\PitchTrainer\Components\InformationModal\index.tsx","120","","","","","","htmlType=""button"""
"app\presentation\PitchTrainer\Components\PitchNotes\Components\NoteStepper\index.tsx","89","button","","","","","<button"
"app\presentation\PitchTrainer\Components\PitchNotes\Components\NoteStepper\index.tsx","91","","","","","","type=""button"""
"app\presentation\PitchTrainer\Components\PitchNotes\index.tsx","297","DefaultButton","","pitch-guidance-button","","""pitch-guidance-button""","<DefaultButton htmlType=""button"" onClick={() => showVideo(videoType.sampleVideo)} className=""pitch-guidance-button"" icon={<WFImg src={PlayPauseIcon} alt=""viewPitchIcon"" />}>"
"app\presentation\PitchTrainer\Components\PitchTrainerDashboard\Components\PitchTrainerLanguageSelection\index.tsx","175","Button","","","","","<Button>"
"app\presentation\PitchTrainer\Components\PitchTrainerDashboard\index.tsx","316","","","","","","htmlType=""button"""
"app\presentation\PitchTrainer\Components\PitchTrainerDashboard\index.tsx","337","Button","","dropdown-btn","","'dropdown-btn'","<Button className='dropdown-btn'>"
"app\presentation\PitchTrainer\Components\PitchTrainerDashboard\index.tsx","494","Button","","","","","<Button>"
"app\presentation\PitchTrainer\Components\PitchTrainerDashboard\index.tsx","597","SecondaryButton","","discard-button","","{""discard-button""}","<SecondaryButton htmlType=""button"" className={""discard-button""} onClick={() => deletePitchResponse(draftPitch?.getId())}>"
"app\presentation\PitchTrainer\Components\PitchTrainerDashboard\index.tsx","603","","","","","","htmlType=""button"""
"app\presentation\PitchTrainer\Components\PitchTrainerDashboard\index.tsx","683","SecondaryButton","","language-alert-button-section-secondary-button","","{""language-alert-button-section-secondary-button""}","<SecondaryButton htmlType=""button"" className={""language-alert-button-section-secondary-button""} onClick={() => setLanguageAlert(false)}>"
"app\presentation\PitchTrainer\Components\PitchTrainerDashboard\index.tsx","686","PrimaryButton","","language-alert-button-section-primary-button","","{""language-alert-button-section-primary-button""}","<PrimaryButton htmlType=""button"" className={""language-alert-button-section-primary-button""} onClick={() => {"
"app\presentation\PitchTrainer\Components\PostVideo\Components\PostVideoInroduction\index.tsx","90","","","","","","htmlType=""button"""
"app\presentation\PitchTrainer\Components\PreVideo\Components\Guidelines\index.tsx","40","","","","","","htmlType=""button"""
"app\presentation\PitchTrainer\Components\PreVideo\Components\NewGuideLines\index.tsx","159","","","","","","htmlType=""button"""
"app\presentation\PitchTrainer\Components\PreVideo\Components\NewPreVideoIntroduction\index.tsx","94","","","","","","htmlType=""button"""
"app\presentation\PitchTrainer\Components\PreVideo\Components\PreVideoIntroduction\index.tsx","106","","","","","","htmlType=""button"""
"app\presentation\PitchTrainer\Components\RecordPitch\index.tsx","225","","","","","","htmlType=""button"""
"app\presentation\PitchTrainer\Components\RecordPitch\index.tsx","240","","","","","","htmlType=""button"""
"app\presentation\PitchTrainer\Components\RecordVideo\index.tsx","685","","","","","","htmlType=""button"""
"app\presentation\PitchTrainer\Components\RecordVideo\index.tsx","716","Button","","record-pitch-heading-button","","""record-pitch-heading-button""","<Button className=""record-pitch-heading-button"">"
"app\presentation\Profile\components\ProfileFields\component\StudentProfileContainer\index.tsx","31","Button","","","","","{!edit && !isPublicView && !isDataEmpty && <Button"
"app\presentation\Profile\components\ProfileFields\component\StudentSections\CertificationDetails\CertificationDetails.tsx","257","Button","","","","","<Button onClick={() => deleteSpecialTraining(id)}>"
"app\presentation\Profile\components\ProfileFields\component\StudentSections\CertificationDetails\CertificationDetails.tsx","264","Button","","","","","<Button"
"app\presentation\Profile\components\ProfileFields\component\StudentSections\CertificationDetails\CertificationDetails.tsx","419","Button","","","","","<Button icon={<PlusOutlined />} onClick={() => addSpecialTraining()}>"
"app\presentation\Profile\components\ProfileFields\component\StudentSections\CertificationDetails\CertificationDetails.tsx","453","Button","","","","","<Button"
"app\presentation\Profile\components\ProfileFields\component\StudentSections\CertificationDetails\CertificationDetails.tsx","458","Button","","","","","<Button"
"app\presentation\Profile\components\ProfileFields\component\StudentSections\CompleteProfileBox\index.tsx","61","Button","","","","","<Button disabled={!enable} onClick={searchJobClick}>"
"app\presentation\Profile\components\ProfileFields\component\StudentSections\EducationDetails\index.tsx","628","Button","","","","","<Button onClick={() => deleteSpecialTraining(id)}>"
"app\presentation\Profile\components\ProfileFields\component\StudentSections\EducationDetails\index.tsx","783","Button","","","","","<Button"
"app\presentation\Profile\components\ProfileFields\component\StudentSections\EducationDetails\index.tsx","788","Button","","","","","<Button"
"app\presentation\Profile\components\ProfileFields\component\StudentSections\JobPreference\index.tsx","346","Button","","","","","<Button"
"app\presentation\Profile\components\ProfileFields\component\StudentSections\JobPreference\index.tsx","351","Button","","","","","<Button"
"app\presentation\Profile\components\ProfileFields\component\StudentSections\LanguageAndResumeDetails\LanguageAndResumeDetails.tsx","399","Button","","","","","<Button"
"app\presentation\Profile\components\ProfileFields\component\StudentSections\LanguageAndResumeDetails\LanguageAndResumeDetails.tsx","417","Button","","","","","{<Button"
"app\presentation\Profile\components\ProfileFields\component\StudentSections\LanguageAndResumeDetails\LanguageAndResumeDetails.tsx","440","Button","","","","","<Button"
"app\presentation\Profile\components\ProfileFields\component\StudentSections\LanguageAndResumeDetails\LanguageAndResumeDetails.tsx","445","Button","","","","","<Button"
"app\presentation\Profile\components\ProfileFields\component\StudentSections\StudentDetails\index.tsx","1155","Button","","","","","<Button"
"app\presentation\Profile\components\ProfileFields\component\StudentSections\StudentDetails\index.tsx","1160","Button","","","","","<Button"
"app\presentation\Profile\components\ProfileFields\component\StudentSections\StudentDetails\index.tsx","1190","Button","","job-cancel","","'job-cancel'","<Button className='job-cancel' onClick={() => setShowModal(false)}>{translate(t, profileMessages.cancel)}</Button>"
"app\presentation\Profile\components\ProfileFields\component\StudentSections\StudentDetails\index.tsx","1191","Button","","job-update","","'job-update'","<Button className='job-update' onClick={() => setAccepted(true)}>{translate(t, profileMessages.proceed)}</Button>"
"app\presentation\Profile\components\ProfileFields\component\StudentSections\WorkExperince\index.tsx","132","Button","","","","","<Button"
"app\presentation\Profile\components\ProfileFields\component\StudentSections\WorkExperince\index.tsx","410","Button","","","","","<Button"
"app\presentation\Profile\components\ProfileFields\component\StudentSections\WorkExperince\index.tsx","425","Button","","","","","<Button"
"app\presentation\Profile\components\ProfileFields\component\StudentSections\WorkExperince\index.tsx","566","Button","","","","","<Button"
"app\presentation\Profile\components\ProfileFields\component\StudentSections\WorkExperince\index.tsx","571","Button","","","","","<Button"
"app\presentation\Profile\components\ProfileFields\index.tsx","2017","Button","","unsaved-cancel","","'unsaved-cancel'","<Button className='unsaved-cancel' onClick={() => setShowModal(false)}>"
"app\presentation\Profile\components\ProfileFields\index.tsx","2020","Button","","unsaved-proceed","","'unsaved-proceed'","<Button className='unsaved-proceed' onClick={() => handleTabsProceed()}>"
"app\presentation\Profile\components\ProfileHeaderPublicCard\index.tsx","45","","","","","","htmlType=""button"""
"app\presentation\Profile\components\ProfileHeaderPublicCard\index.tsx","72","","","","","","htmlType=""button"""
"app\presentation\ResetPassword\index.jsx","94","Button","","","","","<Button"
"app\presentation\ResetPassword\index.jsx","149","Button","","","","","<Button"
"app\presentation\StudentsList\index.jsx","60","Button","","","","","<Button"
"app\presentation\TrainingProvider\Dashboard\CustomDropdown\CustomDropdown.tsx","107","","","","","","htmlType=""button"""
"app\presentation\Zoom\index.tsx","57","","","","","","htmlType=""button"""
"app\presentation\Zoom\index.tsx","69","","","","","","htmlType=""button"""
